-- phpMyAdmin SQL Dump
-- version 4.8.0.1
-- https://www.phpmyadmin.net/
--
-- Host: 127.0.0.1
-- Generation Time: Jul 15, 2019 at 11:53 AM
-- Server version: 10.1.32-MariaDB
-- PHP Version: 5.6.36

SET SQL_MODE = "NO_AUTO_VALUE_ON_ZERO";
SET AUTOCOMMIT = 0;
START TRANSACTION;
SET time_zone = "+00:00";


/*!40101 SET @OLD_CHARACTER_SET_CLIENT=@@CHARACTER_SET_CLIENT */;
/*!40101 SET @OLD_CHARACTER_SET_RESULTS=@@CHARACTER_SET_RESULTS */;
/*!40101 SET @OLD_COLLATION_CONNECTION=@@COLLATION_CONNECTION */;
/*!40101 SET NAMES utf8mb4 */;

--
-- Database: `cakebake`
--

-- --------------------------------------------------------

--
-- Table structure for table `acos`
--

CREATE TABLE `acos` (
  `id` int(10) NOT NULL,
  `parent_id` int(10) DEFAULT NULL,
  `model` varchar(255) DEFAULT NULL,
  `foreign_key` int(10) DEFAULT NULL,
  `alias` varchar(255) DEFAULT NULL,
  `lft` int(10) DEFAULT NULL,
  `rght` int(10) DEFAULT NULL
) ENGINE=InnoDB DEFAULT CHARSET=latin1;

--
-- RELATIONSHIPS FOR TABLE `acos`:
--

--
-- Dumping data for table `acos`
--

INSERT INTO `acos` (`id`, `parent_id`, `model`, `foreign_key`, `alias`, `lft`, `rght`) VALUES
(1, NULL, NULL, NULL, 'controllers', 1, 70),
(2, 1, NULL, NULL, 'Groups', 2, 13),
(3, 2, NULL, NULL, 'index', 3, 4),
(4, 2, NULL, NULL, 'view', 5, 6),
(5, 2, NULL, NULL, 'add', 7, 8),
(6, 2, NULL, NULL, 'edit', 9, 10),
(7, 2, NULL, NULL, 'delete', 11, 12),
(8, 1, NULL, NULL, 'Pages', 14, 17),
(9, 8, NULL, NULL, 'display', 15, 16),
(10, 1, NULL, NULL, 'Posts', 18, 29),
(11, 10, NULL, NULL, 'index', 19, 20),
(12, 10, NULL, NULL, 'view', 21, 22),
(13, 10, NULL, NULL, 'add', 23, 24),
(14, 10, NULL, NULL, 'edit', 25, 26),
(15, 10, NULL, NULL, 'delete', 27, 28),
(16, 1, NULL, NULL, 'Users', 30, 47),
(17, 16, NULL, NULL, 'index', 31, 32),
(18, 16, NULL, NULL, 'view', 33, 34),
(19, 16, NULL, NULL, 'add', 35, 36),
(20, 16, NULL, NULL, 'edit', 37, 38),
(21, 16, NULL, NULL, 'delete', 39, 40),
(22, 16, NULL, NULL, 'login', 41, 42),
(23, 16, NULL, NULL, 'logout', 43, 44),
(24, 1, NULL, NULL, 'Widgets', 48, 59),
(25, 24, NULL, NULL, 'index', 49, 50),
(26, 24, NULL, NULL, 'view', 51, 52),
(27, 24, NULL, NULL, 'add', 53, 54),
(28, 24, NULL, NULL, 'edit', 55, 56),
(29, 24, NULL, NULL, 'delete', 57, 58),
(30, 1, NULL, NULL, 'AclExtras', 60, 61),
(31, 1, NULL, NULL, 'DebugKit', 62, 69),
(32, 31, NULL, NULL, 'ToolbarAccess', 63, 68),
(33, 32, NULL, NULL, 'history_state', 64, 65),
(34, 32, NULL, NULL, 'sql_explain', 66, 67),
(35, 16, NULL, NULL, 'initDB', 45, 46);

-- --------------------------------------------------------

--
-- Table structure for table `aros`
--

CREATE TABLE `aros` (
  `id` int(10) NOT NULL,
  `parent_id` int(10) DEFAULT NULL,
  `model` varchar(255) DEFAULT NULL,
  `foreign_key` int(10) DEFAULT NULL,
  `alias` varchar(255) DEFAULT NULL,
  `lft` int(10) DEFAULT NULL,
  `rght` int(10) DEFAULT NULL
) ENGINE=InnoDB DEFAULT CHARSET=latin1;

--
-- RELATIONSHIPS FOR TABLE `aros`:
--

--
-- Dumping data for table `aros`
--

INSERT INTO `aros` (`id`, `parent_id`, `model`, `foreign_key`, `alias`, `lft`, `rght`) VALUES
(1, NULL, 'Group', 1, NULL, 1, 4),
(2, NULL, 'Group', 2, NULL, 5, 8),
(3, NULL, 'Group', 3, NULL, 9, 12),
(4, 1, 'User', 1, NULL, 2, 3),
(5, 2, 'User', 2, NULL, 6, 7),
(6, 3, 'User', 3, NULL, 10, 11);

-- --------------------------------------------------------

--
-- Table structure for table `aros_acos`
--

CREATE TABLE `aros_acos` (
  `id` int(10) NOT NULL,
  `aro_id` int(10) NOT NULL,
  `aco_id` int(10) NOT NULL,
  `_create` varchar(2) NOT NULL DEFAULT '0',
  `_read` varchar(2) NOT NULL DEFAULT '0',
  `_update` varchar(2) NOT NULL DEFAULT '0',
  `_delete` varchar(2) NOT NULL DEFAULT '0'
) ENGINE=InnoDB DEFAULT CHARSET=latin1;

--
-- RELATIONSHIPS FOR TABLE `aros_acos`:
--

--
-- Dumping data for table `aros_acos`
--

INSERT INTO `aros_acos` (`id`, `aro_id`, `aco_id`, `_create`, `_read`, `_update`, `_delete`) VALUES
(1, 1, 1, '1', '1', '1', '1'),
(2, 2, 1, '-1', '-1', '-1', '-1'),
(3, 2, 10, '1', '1', '1', '1'),
(4, 2, 24, '1', '1', '1', '1'),
(5, 3, 1, '-1', '-1', '-1', '-1'),
(6, 3, 13, '1', '1', '1', '1'),
(7, 3, 14, '1', '1', '1', '1'),
(8, 3, 27, '1', '1', '1', '1'),
(9, 3, 28, '1', '1', '1', '1'),
(10, 3, 23, '1', '1', '1', '1'),
(11, 2, 23, '1', '1', '1', '1');

-- --------------------------------------------------------

--
-- Table structure for table `groups`
--

CREATE TABLE `groups` (
  `id` int(11) NOT NULL,
  `name` varchar(100) NOT NULL,
  `created` datetime DEFAULT NULL,
  `modified` datetime DEFAULT NULL
) ENGINE=InnoDB DEFAULT CHARSET=latin1;

--
-- RELATIONSHIPS FOR TABLE `groups`:
--

--
-- Dumping data for table `groups`
--

INSERT INTO `groups` (`id`, `name`, `created`, `modified`) VALUES
(1, 'Administrator', '2019-07-15 06:43:13', '2019-07-15 06:43:13'),
(2, 'Manager', '2019-07-15 06:43:54', '2019-07-15 06:43:54'),
(3, 'User', '2019-07-15 06:45:40', '2019-07-15 06:45:40');

-- --------------------------------------------------------

--
-- Table structure for table `posts`
--

CREATE TABLE `posts` (
  `id` int(11) NOT NULL,
  `user_id` int(11) NOT NULL,
  `title` varchar(255) NOT NULL,
  `body` text,
  `created` datetime DEFAULT NULL,
  `modified` datetime DEFAULT NULL
) ENGINE=InnoDB DEFAULT CHARSET=latin1;

--
-- RELATIONSHIPS FOR TABLE `posts`:
--

--
-- Dumping data for table `posts`
--

INSERT INTO `posts` (`id`, `user_id`, `title`, `body`, `created`, `modified`) VALUES
(1, 1, 'A Sample Post Created by Admin', 'Testing post body, nothing special to read.', '2019-07-15 09:31:14', '2019-07-15 09:31:14'),
(2, 2, 'A Sample Post Created by Manager', 'Testing post body, nothing special to read. ', '2019-07-15 09:33:03', '2019-07-15 09:33:03');

-- --------------------------------------------------------

--
-- Table structure for table `users`
--

CREATE TABLE `users` (
  `id` int(11) NOT NULL,
  `username` varchar(255) NOT NULL,
  `password` char(40) NOT NULL,
  `group_id` int(11) NOT NULL,
  `created` datetime DEFAULT NULL,
  `modified` datetime DEFAULT NULL
) ENGINE=InnoDB DEFAULT CHARSET=latin1;

--
-- RELATIONSHIPS FOR TABLE `users`:
--

--
-- Dumping data for table `users`
--

INSERT INTO `users` (`id`, `username`, `password`, `group_id`, `created`, `modified`) VALUES
(1, 'admin', 'd5d32b4eefa52cd3de1c81465f8beaa5b46019a5', 1, '2019-07-15 06:49:42', '2019-07-15 06:49:42'),
(2, 'manager', '60a6130f14887509ebfc397dfe608571631d3a3d', 2, '2019-07-15 06:49:55', '2019-07-15 06:49:55'),
(3, 'user', '3ba6e7289c85d0ffd2396fcb47812ddd70f4235b', 3, '2019-07-15 06:50:07', '2019-07-15 06:50:07');

-- --------------------------------------------------------

--
-- Table structure for table `widgets`
--

CREATE TABLE `widgets` (
  `id` int(11) NOT NULL,
  `name` varchar(100) NOT NULL,
  `part_no` varchar(12) DEFAULT NULL,
  `quantity` int(11) DEFAULT NULL
) ENGINE=InnoDB DEFAULT CHARSET=latin1;

--
-- RELATIONSHIPS FOR TABLE `widgets`:
--

--
-- Indexes for dumped tables
--

--
-- Indexes for table `acos`
--
ALTER TABLE `acos`
  ADD PRIMARY KEY (`id`),
  ADD KEY `idx_acos_lft_rght` (`lft`,`rght`),
  ADD KEY `idx_acos_alias` (`alias`);

--
-- Indexes for table `aros`
--
ALTER TABLE `aros`
  ADD PRIMARY KEY (`id`),
  ADD KEY `idx_aros_lft_rght` (`lft`,`rght`),
  ADD KEY `idx_aros_alias` (`alias`);

--
-- Indexes for table `aros_acos`
--
ALTER TABLE `aros_acos`
  ADD PRIMARY KEY (`id`),
  ADD UNIQUE KEY `ARO_ACO_KEY` (`aro_id`,`aco_id`),
  ADD KEY `idx_aco_id` (`aco_id`);

--
-- Indexes for table `groups`
--
ALTER TABLE `groups`
  ADD PRIMARY KEY (`id`);

--
-- Indexes for table `posts`
--
ALTER TABLE `posts`
  ADD PRIMARY KEY (`id`);

--
-- Indexes for table `users`
--
ALTER TABLE `users`
  ADD PRIMARY KEY (`id`),
  ADD UNIQUE KEY `username` (`username`);

--
-- Indexes for table `widgets`
--
ALTER TABLE `widgets`
  ADD PRIMARY KEY (`id`);

--
-- AUTO_INCREMENT for dumped tables
--

--
-- AUTO_INCREMENT for table `acos`
--
ALTER TABLE `acos`
  MODIFY `id` int(10) NOT NULL AUTO_INCREMENT, AUTO_INCREMENT=36;

--
-- AUTO_INCREMENT for table `aros`
--
ALTER TABLE `aros`
  MODIFY `id` int(10) NOT NULL AUTO_INCREMENT, AUTO_INCREMENT=7;

--
-- AUTO_INCREMENT for table `aros_acos`
--
ALTER TABLE `aros_acos`
  MODIFY `id` int(10) NOT NULL AUTO_INCREMENT, AUTO_INCREMENT=12;

--
-- AUTO_INCREMENT for table `groups`
--
ALTER TABLE `groups`
  MODIFY `id` int(11) NOT NULL AUTO_INCREMENT, AUTO_INCREMENT=4;

--
-- AUTO_INCREMENT for table `posts`
--
ALTER TABLE `posts`
  MODIFY `id` int(11) NOT NULL AUTO_INCREMENT, AUTO_INCREMENT=3;

--
-- AUTO_INCREMENT for table `users`
--
ALTER TABLE `users`
  MODIFY `id` int(11) NOT NULL AUTO_INCREMENT, AUTO_INCREMENT=4;

--
-- AUTO_INCREMENT for table `widgets`
--
ALTER TABLE `widgets`
  MODIFY `id` int(11) NOT NULL AUTO_INCREMENT;
COMMIT;

/*!40101 SET CHARACTER_SET_CLIENT=@OLD_CHARACTER_SET_CLIENT */;
/*!40101 SET CHARACTER_SET_RESULTS=@OLD_CHARACTER_SET_RESULTS */;
/*!40101 SET COLLATION_CONNECTION=@OLD_COLLATION_CONNECTION */;
